band,openalex_id,doi,title,publication_year,author_names,venue_name,is_oa
recent (2025–2026),https://openalex.org/W4407029908,https://doi.org/10.3897/mycokeys.113.142643,Morpho-phylogenetic evidence reveals Pseudolomaantha thailandica gen. et sp. nov. and Submultiguttulispora multiseptata gen. et sp. nov. in Chaetosphaeriaceae,2025,Jing-Yi Zhang; Kevin D. Hyde; Jian Ma; Na Wu; Fatimah Al-Otibi; Lijuan Zhang; Yong‐Zhong Lu,MycoKeys,True
recent (2025–2026),https://openalex.org/W7133508878,https://doi.org/10.1371/journal.pone.0340630,Structural and phylogenetic insights from complete chloroplast genomes of seven Vicia species,2026,Mohammad Mehdi Golchini; Aboozar Soorni,PLoS ONE,True
recent (2025–2026),https://openalex.org/W7134239287,https://doi.org/10.1002/nzb2.70065,"<i>Lasiobelonium sublanceolatum</i> sp. nov. (Solenopeziaceae, Helotiales) from Yunnan, China",2026,Hong‐Li Su; Thilini Chethana Kandawatte Wedaralalage; Kevin David Hyde; Qi Zhao,New Zealand Journal of Botany,False
recent (2025–2026),https://openalex.org/W7123579634,https://doi.org/10.3389/fmicb.2025.1677230,Glutamate potentiates susceptibility of P. aeruginosa clinical isolates to gentamycin: a new adjuvant hope for an old antibiotic,2026,Wedad M. Nageeb; ‏Helal F. Hetta; Dan Frampton; Nigel J. Saunders,Frontiers in Microbiology,True
recent (2025–2026),https://openalex.org/W7125681960,https://doi.org/10.3897/mycokeys.127.180874,"Two new species of Periconia and a new record of Paramonodictys from Miscanthus sinensis in Guizhou Province, China",2026,Lijuan Zhang; Hong-xiu LIU; Yan-Ling Yang; Xing-Juan Xiao; Xiang-Fu Liu; NING-GUO LIU; YZ Lu,MycoKeys,True
recent (2025–2026),https://openalex.org/W7126053148,https://doi.org/10.3897/mycokeys.127.173937,"Two new Neohelicomyces species (Tubeufiaceae, Tubeufiales) associated with Coffea arabica L. in Yunnan Province, China",2026,MEI-YAN HAN; Jing-Ya Yang; SC Karunarathna; Jaturong Kumla; Li Min Lu; Dege Zheng; Abdallah M. Elgorban; A. ALFAGHAM; Fu-Qiang Yu; Dong-Qin Dai; Lijuan Zhang; Nakarin Suwannarach; Saowaluck Tibpromma,MycoKeys,True
recent (2025–2026),https://openalex.org/W4414328373,https://doi.org/10.3897/mycokeys.122.164540,Morphological and multi-gene phylogenetic analyses reveal Nigrellomyces gen. nov. and one new species in Pleurotheciaceae from China,2025,Wangming Zhang; Xiaoyu Song; Wanqing Xie; Xin-zhong Zhou; Juan Lü; Qin-ying Feng,MycoKeys,True
recent (2025–2026),https://openalex.org/W7127583237,https://doi.org/10.1098/rspb.2025.2149,Tracing the origins of Antarctic periwinkles: an integrative morphological–molecular perspective on <i>Laevilacunaria</i> evolution,2026,Sebastián Rosenfeld; Claudia S. Maturana; Moisés ALONSO VALLADARES; Hamish G. Spencer; Thomas Saucède; Paul Brickle; Paula M. Vidal; Guillaume Schwob; Quentin Jossart; Élie Poulin; Claudio González-Wevar,Proceedings of the Royal Society B Biological Sciences,True
recent (2025–2026),https://openalex.org/W7140214411,https://doi.org/10.3390/jof12040231,Natural Selection Drives AT-Biased Codon Usage in Mitochondrial Genomes of Early-Diverging Conidiobolus Fungi (Zoopagomycota),2026,Yanan Cao; Xianli Guo; Jialin Yang; Xiyue Yan; Yanping Xu; Qiang Li; Zehou Liu,Journal of Fungi,True
recent (2025–2026),https://openalex.org/W4411782738,https://doi.org/10.1093/isd/ixaf020,"Phylogeny, molecular species delimitation, and biogeography of the cryptic subgenus <i>Ulopsina</i> (Hemiptera: Cicadellidae: Ulopinae)",2025,Dongming Wang; Chris H. Dietrich; Qingquan Xue; Yanghui Cao; Yalin Zhang,Insect Systematics and Diversity,False
earlier (up to 2024),https://openalex.org/W2736415539,https://doi.org/10.3732/ajb.1700091,"Anatolian origins and diversification of <i>Aethionema</i>, the sister lineage of the core Brassicaceae",2017,Setareh Mohammadin; Kim Peterse; Sara J. van de Kerke; Lars W. Chatrou; Alı A. Dönmez; Klaus Mummenhoff; J. Chris Pires; Patrick P. Edger; Ihsan A. Al‐Shehbaz; M. Eric Schranz,American Journal of Botany,True
earlier (up to 2024),https://openalex.org/W3217003056,https://doi.org/10.1111/1755-0998.13555,A rodent anchored hybrid enrichment probe set for a range of phylogenetic utility: From order to species,2021,Max R. Bangs; Scott J. Steppan,Molecular Ecology Resources,True
earlier (up to 2024),https://openalex.org/W4200259907,https://doi.org/10.7287/peerj.11954v0.1/reviews/2,"Peer Review #2 of ""The importance of molecular characters when morphological variability hinders diagnosability: systematics of the moon jellyfish genus Aurelia (Cnidaria: Scyphozoa) (v0.1)""",2021,,,True
earlier (up to 2024),https://openalex.org/W3019172384,https://doi.org/10.1371/journal.pone.0225233,"The complete mitochondrial genome of the endangered Assam Roofed Turtle, Pangshura sylhetensis (Testudines: Geoemydidae): Genomic features and phylogeny",2020,Shantanu Kundu; Vikas Kumar; Kaomud Tyagi; Kailash Chandra,PLoS ONE,True
earlier (up to 2024),https://openalex.org/W4300962691,https://doi.org/10.7287/peerj.13884v0.2/reviews/2,"Peer Review #2 of ""A phylogenetic analysis of Bromus (Poaceae: Pooideae: Bromeae) based on nuclear ribosomal and plastid data, with a focus on Bromus sect. Bromus (v0.2)""",2022,C Acedo,,True
earlier (up to 2024),https://openalex.org/W2762983254,https://doi.org/10.1080/00222933.2017.1380241,Phylogenetic relationships of millipedes in the subclass Penicillata (Diplopoda) with a key to the genera,2017,Megan Short; Varpu Vahtera,Journal of Natural History,True
earlier (up to 2024),https://openalex.org/W3049145638,https://doi.org/10.1186/s13071-020-04281-1,Assessing the diversity and distribution of potential intermediate hosts snails for urogenital schistosomiasis: Bulinus spp. (Gastropoda: Planorbidae) of Lake Victoria,2020,Fred D. Chibwana; Immaculate Tumwebaze; Anna Mahulu; Arthur F. Sands; Christian Albrecht,Parasites & Vectors,True
earlier (up to 2024),https://openalex.org/W4307751769,https://doi.org/10.1093/nsr/nwac241,Conservation priorities for global marine biodiversity across multiple dimensions,2022,Huizhong Fan; Mingpan Huang; Youhua Chen; Wenliang Zhou; Yibo Hu; Fuwen Wei,National Science Review,True
earlier (up to 2024),https://openalex.org/W4312226578,https://doi.org/10.17776/csj.1195087,"The Complete Mitogenome of Redheaded Pine Sawfly, Neodiprion lecontei (Hymenoptera: Diprionidae): Duplication of trnR Gene and Rearrangement in the ARNS1EF Gene Cluster",2022,Ertan Mahir Korkmaz,Cumhuriyet Science Journal,True
earlier (up to 2024),https://openalex.org/W2621056266,https://doi.org/10.1016/j.aspen.2017.05.010,Genomic and phylogenetic analysis of the complete mitochondrial DNA sequence of walnut leaf pest Paleosepharia posticata (Coleoptera: Chrysomeloidea),2017,Qiqi Wang; Guanghui Tang,Journal of Asia-Pacific Entomology,False
